"","IBR_S2","PI_TOTAL_S2","phi_Ro_S2","phi_Eo__S2","psi_Eo_S2","phi_Po__S2","phi_Po_1_phi_Po_S2","dRo_1_dRo_S2","psi_Eo_1_psi_Eo_S2","RC_ABS_S2","REo_RC_S2","DIo_RC_S2","ETo_RC_S2","TRo_RC_S2","ABS_RC_S2","Fo_S2","Fm_S2","Fv_Fm_S2","IBR_S3","PI_TOTAL_S3","phi_Ro_S3","phi_Eo_S3","psi_Eo_S3","phi_Po_S3","phi_Po_1_phi_Po_S3","dRo_1_dRo_S3","psi_Eo_1_psi_Eo_S3","RC_ABS_S3","REo_RC_S3","DIo_RC_S3","ETo_RC_S3","TRo_RC_S3","ABS_RC_S3","Fo_S3","Fm_S3","Fv_Fm_S3","IBR_S4","PI_TOTAL_S4","phi_Ro_S4","phi_Eo_S4","psi_Eo_S4","phi_Po_S4","phi_Po_1_phi_Po_S4","dRo_1_dRo_S4","psi_Eo_1_psi_Eo_S4","RC_ABS_S4","REo_RC_S4","DIo_RC_S4","ETo_RC_S4","TRo_RC_S4","ABS_RC_S4","Fo_S4","Fm_S4","Fv_Fm_S4"
"18C-00820-H1XG",787.5011796706,5.57204,0.20352,0.46194,0.58074,0.79484,3.8846,0.7909,1.49792,0.9734983729,0.2062,0.21406,0.47592,0.82632,1.04038,232.6,1125.2,0.7946,704.4165526613,2.49498,0.15818,0.3707,0.4806,0.76456,3.3806,0.75278,0.986,0.75471,0.2092,0.34618,0.49568,1.06784,1.414,530.4,2306.6,0.7648,980.5472229248,6.41088,0.2362,0.50558,0.62896,0.80392,4.1258,0.89894,1.74938,1.0228259699,0.2332,0.19454,0.501,0.79248,0.98704,569.8,2921.2,0.804
"18C-00821-H1XG",695.903800749,4.19546,0.16796,0.45254,0.57464,0.7845,3.7184,0.59008,1.49566,1.0743578898,0.1624,0.22744,0.4409,0.79188,1.0193,223.8,1023.4,0.7846,867.6320645255,0.962075,0.126125,0.342525,0.461725,0.742475,2.93275,0.58995,0.85945,0.64181,0.1965,0.402375,0.5336,1.156675,1.559075,559,2190.75,0.7425,809.9178058166,4.33674,0.1982,0.48804,0.6065,0.80478,4.1362,0.7048,1.60554,0.9646082919,0.2074,0.2055,0.51654,0.84404,1.04952,577.4,2963.2,0.8048
"18C-00822-H1XG",767.9274613047,3.56746,0.19054,0.45032,0.60484,0.74416,3.0082,0.74544,1.65128,0.9211484324,0.2154,0.29866,0.50044,0.82858,1.12726,198.4,791.6,0.7444,672.0361242722,3.65856,0.19142,0.46116,0.59836,0.77124,3.3938,0.70548,1.56018,0.89017,0.2166,0.26722,0.52786,0.89982,1.16702,465.8,2043.6,0.7714,642.765873187,2.11926,0.15496,0.42992,0.5615,0.76736,3.4022,0.58328,1.31244,0.8118896011,0.199,0.31798,0.57286,1.0015,1.31946,599,2619.6,0.7674
"18C-00823-H1XG",863.5986599321,5.18792,0.18518,0.50134,0.62622,0.80114,4.1238,0.58774,1.72178,1.2057144177,0.1538,0.16754,0.41992,0.67286,0.84042,189.8,994.2,0.8014,641.6651217921,2.43466,0.16744,0.40608,0.5214,0.77848,3.5406,0.70662,1.09688,0.83661,0.1994,0.27016,0.48892,0.94012,1.2103,497,2258.2,0.7786,711.7437573784,1.408,0.13834,0.39482,0.50962,0.77508,3.4612,0.56776,1.06338,0.6896762933,0.2036,0.33882,0.59394,1.15606,1.49488,675,2997.2,0.775
"18C-00825-H1XG",603.8359644671,3.19468,0.14526,0.34086,0.53144,0.57718,2.6034,1.95792,1.31104,0.7235366316,0.2714,3.15296,0.49024,0.99182,4.14482,720,1635.2,0.577,652.6447827968,2.42234,0.16774,0.40822,0.52154,0.78222,3.633,0.69898,1.10172,0.83415,0.2024,0.2693,0.49574,0.96224,1.23154,495.6,2294.6,0.7822,762.611022649,4.28724,0.19306,0.46372,0.58122,0.79648,3.9898,0.72552,1.42428,0.9035059939,0.2166,0.25662,0.54652,0.95194,1.20856,588,2908,0.7966
"18C-00826-H1XG",649.5689210732,3.09374,0.1552,0.44946,0.57936,0.77274,3.4444,0.53344,1.49812,0.9197083849,0.1742,0.27506,0.5086,0.90698,1.18202,254.8,1102.4,0.7728,729.2981139745,1.94228,0.15858,0.3771,0.49558,0.75818,3.2088,0.72364,1.00736,0.70629,0.2284,0.3908,0.55996,1.15266,1.54342,552.8,2293.6,0.7584,638.2973831064,3.42834,0.17746,0.44336,0.57388,0.7706,3.3876,0.67952,1.46606,0.8022829064,0.2174,0.31554,0.57478,1.0281,1.34364,606.2,2648.6,0.7706
"18C-00827-H1XG",700.1070932584,3.90426,0.16904,0.43358,0.5764,0.74304,3.0814,0.63624,1.63946,0.8398194693,0.21,0.40238,0.54294,1.00004,1.40242,269.2,986,0.743,811.7271126498,1.43076,0.13352,0.36512,0.48802,0.74678,2.9672,0.57228,1.00292,0.71026,0.1868,0.37276,0.51904,1.08392,1.45666,591,2329.6,0.7468,653.9707494808,2.90056,0.17118,0.39824,0.5146,0.77126,3.4576,0.77972,1.10772,0.8081207354,0.2132,0.3148,0.51248,1.01424,1.32906,660,2923.2,0.7712
"18C-00828-H1XG",684.9796362478,4.16842,0.18536,0.47218,0.6088,0.7761,3.5058,0.6519,1.59366,1.0662008645,0.174,0.2155,0.44848,0.73638,0.9519,215.8,983.8,0.776,753.3594321979,4.85612,0.20852,0.4756,0.60504,0.78566,3.7132,0.78198,1.54566,1.03201,0.2022,0.21068,0.4636,0.76948,0.98018,476.4,2248,0.7856,889.5075932422,5.65042,0.21118,0.48896,0.60436,0.80938,4.2576,0.79356,1.58088,1.1039917166,0.194,0.17758,0.45624,0.74778,0.92536,566.2,2977.6,0.8094
"18C-00829-H1XG",788.4765270697,2.83216,0.1407,0.37802,0.51188,0.71792,2.842,0.5738,1.2627,0.8101946562,0.1726,0.51618,0.48328,1.05222,1.5684,226.6,787.6,0.7182,670.3245778776,1.77828,0.15848,0.42146,0.53948,0.77992,3.5642,0.608,1.19844,0.68347,0.2324,0.32296,0.61722,1.14426,1.46722,493,2244.2,0.7798,739.3154200051,2.67224,0.1755,0.45964,0.5745,0.80006,4.0082,0.6412,1.41752,0.7783714629,0.2288,0.26116,0.60714,1.04624,1.3074,613.4,3072.6,0.8
"18C-00831-H1XG",715.7828528572,5.67792,0.17494,0.43346,0.56956,0.74862,3.332,0.65408,1.71406,0.9050004188,0.1872,0.36864,0.48802,0.93008,1.29874,221.8,933.8,0.7486,793.7529012164,1.55524,0.12708,0.35714,0.4686,0.75218,3.181,0.5342,0.96984,0.63115,0.1976,0.44406,0.5694,1.26918,1.71324,582.4,2374.4,0.7524,619.1167450962,2.985,0.16916,0.41172,0.53072,0.7725,3.4638,0.7318,1.21512,0.8013151146,0.2114,0.3198,0.53898,1.03758,1.35736,608,2696.8,0.7724
"18C-00832-H1XG",951.6154482996,6.97368,0.21796,0.52982,0.66402,0.7979,3.9478,0.71472,2.01856,1.1740449939,0.185,0.17326,0.4535,0.6839,0.85714,204.6,1011.4,0.7976,642.214962537,3.6255,0.18458,0.42818,0.5455,0.7823,3.6358,0.76258,1.2725,0.88628,0.207,0.25618,0.48454,0.90572,1.16188,508.2,2354.4,0.7824,733.7768294089,1.4963,0.1444,0.39108,0.51628,0.75228,3.1856,0.6352,1.12824,0.6426628226,0.2286,0.4304,0.61732,1.21376,1.64418,667,2713.6,0.7524
"18C-00833-H1XG",882.1915554752,6.63518,0.20704,0.51184,0.64646,0.79044,3.8024,0.6792,2.0745,1.1530407795,0.1802,0.18648,0.44432,0.70072,0.88718,198.8,947.6,0.7906,739.7451360184,4.98694,0.20748,0.44964,0.57188,0.78426,3.6934,0.8602,1.386,0.94996,0.22,0.24394,0.48506,0.86216,1.10608,488.4,2273.6,0.7844,660.4335081159,3.96396,0.18034,0.44862,0.57326,0.78254,3.6276,0.71392,1.40946,1.0170395777,0.181,0.23094,0.46944,0.81302,1.04394,584.8,2700,0.7824
"18C-00834-H1XG",768.3813551369,5.72228,0.19402,0.4764,0.61932,0.7691,3.3384,0.69044,1.88044,1.0689247898,0.1786,0.2212,0.4459,0.73428,0.95552,224.4,962.6,0.7692,627.6325606956,2.65194,0.16726,0.41438,0.53988,0.76538,3.3044,0.67976,1.20908,0.83934,0.1994,0.29726,0.5043,0.9492,1.24648,507.2,2169.8,0.7656,729.6154161794,3.43504,0.18944,0.46592,0.58536,0.79706,3.9548,0.70022,1.4605,0.8875185318,0.2184,0.23642,0.54378,0.91736,1.15378,561.8,2782,0.797
"18C-00835-H1XG",788.2828304975,1.7701,0.14326,0.40296,0.54488,0.73868,2.9264,0.5681,1.22626,0.8928549465,0.161,0.29644,0.45006,0.8274,1.12384,210.2,857.8,0.7386,884.729303707,5.7063,0.22062,0.48972,0.60882,0.80432,4.1292,0.82656,1.56116,1.0827,0.204,0.18102,0.45402,0.7448,0.9258,514.8,2634,0.8044,639.3700124893,2.66774,0.17514,0.42292,0.5449,0.77644,3.5102,0.74232,1.23854,0.7805466453,0.2298,0.3118,0.57736,1.05106,1.36286,628.8,2821.2,0.7764
"18C-00836-H1XG",864.0534932041,6.42164,0.20566,0.51876,0.66274,0.7844,3.6618,0.66198,2.15392,1.1417226584,0.18,0.19046,0.45894,0.69706,0.88754,188.6,893,0.7842,616.2404346562,2.69998,0.1614,0.43964,0.56834,0.77272,3.449,0.5773,1.3663,0.92854,0.1744,0.2538,0.47642,0.84632,1.10012,475.4,2110.6,0.7726,788.1767788517,1.56202,0.13198,0.3905,0.52866,0.73846,2.984,0.51784,1.13968,0.7331223702,0.1816,0.41352,0.57322,1.07988,1.4934,634,2508.2,0.7386
"18C-00837-H1XG",757.048127551,5.9643,0.17594,0.45116,0.58716,0.75986,3.3242,0.62978,1.68,1.0451909193,0.17,0.274,0.44912,0.8025,1.07652,228,961,0.7598,702.4256967019,2.3062,0.1681,0.3718,0.4795,0.7754,3.452,0.8252,0.9212,0.87827,0.191,0.2556,0.4231,0.8824,1.1379,473,2106,0.775,648.2311001908,3.17218,0.17778,0.44062,0.55852,0.78788,3.7736,0.6889,1.34204,0.8701908767,0.2102,0.25934,0.52496,0.94226,1.20158,582,2775,0.7878
"18C-00838-H1XG",780.9082476923,1.94216,0.14556,0.3858,0.5328,0.71252,2.804,0.60316,1.2323,0.7362340582,0.2104,0.60258,0.5689,1.12246,1.72506,309.8,1017,0.7124,663.7190655429,3.1531,0.18622,0.44046,0.5591,0.78702,3.737,0.73196,1.27602,0.85504,0.2254,0.26842,0.53548,0.96512,1.23356,506.6,2390.2,0.7872,761.4703086761,4.4723,0.1939,0.4852,0.61278,0.79258,3.8334,0.70338,1.6242,0.9956198796,0.1974,0.22236,0.52328,0.84742,1.06982,577.6,2794.6,0.7924
"18C-00840-H1XG",1041.3044444594,9.1772,0.22568,0.51586,0.6436,0.8018,4.0768,0.7693,2.0821,1.1988403234,0.1846,0.16954,0.43102,0.686,0.85554,177.4,911,0.802,681.048726491,2.8804,0.1973,0.4318,0.5596,0.7717,3.379,0.841,1.2707,0.79791,0.247,0.2863,0.5414,0.9675,1.2538,551,2413,0.772,761.9463014811,3.8933,0.18624,0.4588,0.56922,0.80616,4.186,0.71764,1.33088,0.9028551818,0.2078,0.2309,0.53624,0.93978,1.1707,622,3220,0.8062
"18C-00841-H1XG",708.3252929842,5.028,0.18262,0.4701,0.6046,0.77262,3.5208,0.64292,1.71736,1.0609338733,0.1758,0.23754,0.44856,0.76402,1.00156,200.4,872,0.7726,683.6103027281,3.8135,0.19042,0.448,0.56394,0.79314,3.8584,0.741,1.32894,0.95792,0.1986,0.21926,0.46744,0.83392,1.05318,474.4,2302.2,0.7932,802.4224359906,1.56456,0.14124,0.34308,0.44714,0.76516,3.2988,0.72928,0.8246,0.7773998918,0.1814,0.3081,0.44196,0.9925,1.30064,601.8,2583.8,0.765
"18C-00842-H1XG",784.5611816916,4.87694,0.19612,0.43278,0.59038,0.74864,3.2898,0.90536,1.83174,0.9461050457,0.2034,0.26428,0.4598,0.81762,1.08192,385.2,1358.2,0.7486,597.1523260587,3.08822,0.16354,0.43596,0.5603,0.77518,3.552,0.59524,1.36538,0.85272,0.1948,0.29234,0.52862,0.96982,1.26216,506.4,2266.8,0.7752,725.0800140901,3.49472,0.1798,0.43204,0.53638,0.8034,4.152,0.73636,1.19808,0.9151091901,0.2002,0.22518,0.4845,0.90544,1.1306,585.4,3021.6,0.8036
"18C-00843-H1XG",746.3798183392,4.69004,0.19026,0.49856,0.6417,0.77654,3.5128,0.6188,1.93634,1.0482204776,0.181,0.21426,0.47548,0.74384,0.95808,216.8,998.6,0.7764,906.2376398804,6.14018,0.21918,0.50912,0.63336,0.80368,4.1004,0.75836,1.76116,1.12534,0.1958,0.17536,0.45406,0.71698,0.8923,462.4,2359.2,0.8038,672.0304076896,2.18868,0.15916,0.44994,0.5767,0.78004,3.576,0.58528,1.3765,0.7697925579,0.2068,0.2931,0.59798,1.03148,1.32458,612.4,2797.2,0.78
"18C-00844-H1XG",772.1563628805,4.62712,0.18844,0.50662,0.65426,0.77488,3.4488,0.59526,1.94588,1.1181285206,0.1688,0.20396,0.45798,0.70028,0.90424,215.6,961.2,0.7748,813.4552667053,1.85134,0.1461,0.36616,0.50644,0.72304,2.7432,0.66164,1.09818,0.74431,0.1958,0.40158,0.49688,1.03,1.43154,505.6,1890.4,0.723,672.6798810791,1.81154,0.15336,0.41252,0.54632,0.75532,3.1002,0.62604,1.25946,0.7901099362,0.1964,0.31284,0.5306,0.9689,1.28172,617.6,2528.4,0.7552
"18C-00846-H1XG",714.9835857633,4.29114,0.18372,0.46528,0.6093,0.76464,3.2776,0.65838,1.6902,1.0369916445,0.1764,0.23194,0.45216,0.75134,0.98326,209.4,895,0.7644,925.1369795182,5.7608,0.2052,0.4878,0.5941,0.821,4.586,0.7265,1.4638,1.1813,0.174,0.1516,0.4129,0.695,0.8466,505,2821,0.821,696.5801782609,2.0635,0.15416,0.41036,0.51966,0.78942,3.7528,0.6294,1.1133,0.8247127288,0.1882,0.2587,0.50822,0.96872,1.22742,602.8,2862.8,0.7896
"18C-00847-H1XG",728.8902769383,4.19826,0.17582,0.48072,0.6119,0.7827,3.7256,0.57686,1.67558,1.0137164156,0.18,0.24564,0.49422,0.82816,1.07382,192,907.4,0.7828,675.1938463333,4.14048,0.19354,0.4683,0.6001,0.77974,3.559,0.70186,1.53286,1.01213,0.1922,0.22378,0.46776,0.78662,1.01044,470,2139.4,0.7798,881.8549604959,5.37408,0.21892,0.4837,0.60152,0.80506,4.1686,0.8422,1.5758,1.019998519,0.218,0.19484,0.48344,0.79654,0.99142,529.8,2722.6,0.8048
"18C-00849-H1XG",627.2197980492,2.47888,0.16584,0.42334,0.55464,0.76458,3.298,0.65784,1.31138,0.9039506003,0.1896,0.27134,0.47732,0.87124,1.14258,216.6,922.8,0.7646,786.3534296665,5.46946,0.21646,0.46088,0.58694,0.7839,3.6704,0.88798,1.46202,0.94141,0.2322,0.24644,0.50602,0.87006,1.11648,512,2371,0.7836,793.0705456998,4.8109,0.2096,0.47488,0.59736,0.79346,3.8688,0.80542,1.5634,0.9547327074,0.219,0.2204,0.5022,0.84026,1.06064,552.2,2685.4,0.7934
"18C-00850-H1XG",763.7185538622,3.0129,0.15568,0.41732,0.58136,0.69404,2.711,0.64864,1.68202,0.8565455493,0.2044,0.6918,0.51632,0.97552,1.66732,268.8,835.6,0.6942,693.1062591571,2.25892,0.16146,0.38966,0.49646,0.78312,3.6408,0.71146,1.01096,0.81821,0.1962,0.26842,0.47512,0.96188,1.23032,515.8,2387,0.783,676.9441891553,3.37206,0.19008,0.46344,0.6042,0.7672,3.304,0.71834,1.59206,0.9438906733,0.2048,0.2513,0.50492,0.82552,1.0768,574.8,2469.8,0.7672
"18C-00851-H1XG",675.1000574129,3.75198,0.1621,0.43392,0.54816,0.791,3.7902,0.59466,1.36564,0.9959320502,0.1614,0.21824,0.43812,0.82244,1.0407,245,1160.8,0.791,640.1760167416,3.661,0.19404,0.44274,0.57082,0.77496,3.4914,0.78472,1.35354,0.95009,0.208,0.24764,0.47486,0.83932,1.08694,484.8,2169.4,0.7752,800.439052995,1.26138,0.13186,0.33888,0.43972,0.76898,3.3864,0.68336,0.80602,0.7229098842,0.1822,0.31992,0.46784,1.06488,1.3848,649.6,2836.6,0.7692
"18C-00852-H1XG",651.7560582446,3.14808,0.16166,0.43736,0.57042,0.76444,3.3436,0.58678,1.40468,0.9827932331,0.1638,0.2532,0.44862,0.798,1.05124,221.8,927.4,0.7644,687.0203343436,3.6545,0.18924,0.46864,0.59346,0.79008,3.777,0.67916,1.48824,0.95459,0.2,0.22286,0.4948,0.83794,1.06078,476.8,2277.4,0.79,710.3268137232,1.89662,0.1387,0.39544,0.51444,0.76812,3.387,0.61158,1.12892,0.7385996422,0.19,0.35256,0.56806,1.12126,1.47378,640,2784.6,0.7682
"18C-00853-H1XG",603.2474584062,2.84898,0.1666,0.424,0.54722,0.77318,3.4426,0.66658,1.27512,0.9523382131,0.1752,0.24302,0.4465,0.82374,1.06674,220.4,957.6,0.7732,745.3392720177,1.8002,0.1427,0.3989,0.5051,0.7898,3.757,0.5568,1.0204,0.84352,0.169,0.2493,0.4729,0.9364,1.1856,448,2131,0.79,679.7055899528,3.13016,0.18014,0.45106,0.56964,0.79212,3.8288,0.68904,1.33744,0.83631836,0.2146,0.25716,0.55286,0.96886,1.226,606.8,2924.6,0.7922
"18C-00854-H1XG",785.4943687494,2.3583,0.15562,0.41312,0.56902,0.72258,2.7014,0.60526,1.43912,0.8798240687,0.1824,0.35712,0.4828,0.86988,1.22704,241.8,868.6,0.7228,1052.6336487819,7.0556,0.2331,0.5191,0.6328,0.8202,4.563,0.815,1.7235,1.10053,0.212,0.1633,0.4715,0.745,0.9083,462,2570,0.82,678.1105814335,3.3227,0.18558,0.43642,0.5715,0.7634,3.2422,0.78028,1.42032,0.8724191739,0.219,0.2909,0.53444,0.92484,1.21576,607.4,2566.2,0.7634
"18C-00858-H1XG",717.1358942491,4.16296,0.18438,0.46454,0.5862,0.79254,3.8246,0.6636,1.45434,1.0850559757,0.1696,0.1944,0.43306,0.74104,0.93544,204.8,989.2,0.7924,673.9721363951,4.03025,0.1942,0.441,0.5607,0.7827,3.6505,0.8056,1.3683,0.95578,0.2053,0.247,0.4641,0.8626,1.1096,491.3333,2274,0.7828,696.1509622855,1.71938,0.14474,0.40572,0.53054,0.76416,3.2692,0.57074,1.16824,0.7516085214,0.1946,0.33192,0.56304,1.05602,1.38794,630,2682.2,0.7642
"18C-00859-H1XG",649.1549486166,2.97792,0.16528,0.40506,0.5309,0.7589,3.2472,0.68004,1.23382,0.8269933526,0.2006,0.32572,0.50116,0.9743,1.30002,277.4,1117.4,0.759,709.0786851871,2.29344,0.16068,0.38142,0.50092,0.75794,3.1842,0.72028,1.04288,0.80115,0.2004,0.33102,0.4855,0.99948,1.33058,541.4,2240.4,0.758,737.7324975856,1.80586,0.13876,0.40848,0.52014,0.78678,3.731,0.5307,1.09704,0.821831366,0.1718,0.27518,0.52304,0.99324,1.26842,597.2,2816.8,0.7868
"18C-00860-H1XG",693.2624212077,4.36644,0.17154,0.4527,0.57582,0.785,3.7066,0.59342,1.64436,0.9327476151,0.1812,0.25576,0.49492,0.90136,1.15714,198.4,934.8,0.7852,646.8429831161,3.05252,0.17234,0.46522,0.59438,0.78224,3.65,0.5905,1.49592,0.94137,0.1834,0.2338,0.49438,0.83242,1.06624,473.2,2205.4,0.7822,800.4332517709,1.31208,0.13518,0.36556,0.48892,0.7489,3.0002,0.6102,1.00304,0.665120698,0.2008,0.38934,0.5608,1.14922,1.53858,632.8,2518.8,0.749
"18C-00861-H1XG",715.8802696661,2.02796,0.15516,0.40576,0.54416,0.74816,3.0302,0.6251,1.30606,0.8360878644,0.1888,0.31156,0.49502,0.9162,1.22778,233.8,958.4,0.748,752.9497765045,4.4198,0.191,0.4768,0.5967,0.7991,3.976,0.6683,1.4794,1.12395,0.17,0.1788,0.4241,0.7108,0.8895,424,2110,0.799,707.5932681532,1.58152,0.13786,0.40702,0.5286,0.77034,3.3608,0.54132,1.16674,0.7968698476,0.174,0.29132,0.51934,0.97552,1.26684,595,2591.6,0.7702
"18C-00862-H1XG",725.4995486157,3.7461,0.17272,0.49534,0.6409,0.77322,3.4304,0.53566,1.9081,1.0192386137,0.1694,0.22612,0.49016,0.76526,0.9914,231.2,1035.4,0.7732,639.6667651318,2.70356,0.1681,0.3996,0.51352,0.77388,3.4834,0.74068,1.1312,0.84077,0.2034,0.2896,0.47818,0.95954,1.24912,481.4,2149,0.774,782.4651427805,4.58888,0.2021,0.47874,0.60116,0.79676,3.9378,0.75696,1.51742,1.0037714878,0.204,0.21066,0.49342,0.81608,1.02678,573.4,2832,0.7966
"18C-00863-H1XG",787.0303352665,5.22998,0.20716,0.4945,0.63126,0.78318,3.639,0.73228,1.77526,1.0120214698,0.2068,0.2196,0.49488,0.78506,1.00468,233.8,1079.2,0.7832,813.6210254351,5.50856,0.20828,0.46062,0.5747,0.79936,4.0608,0.82526,1.40994,0.99007,0.2104,0.21642,0.47178,0.83646,1.05282,488.4,2451.6,0.7994,712.7286867069,3.8009,0.18086,0.45196,0.56538,0.79824,4.0138,0.69042,1.3686,0.8845611917,0.2054,0.24704,0.53182,0.94874,1.19578,597.8,2980.6,0.7982
"18C-00864-H1XG",772.0020628989,5.18706,0.19444,0.49366,0.63312,0.78014,3.5684,0.64768,1.8724,1.1424650337,0.1698,0.19428,0.43202,0.68636,0.8806,179.4,825.4,0.78,638.2343818701,3.18628,0.18252,0.43126,0.54716,0.78676,3.7128,0.73846,1.23898,0.89161,0.2056,0.24656,0.48536,0.89852,1.14508,499.6,2346.4,0.7866,720.3788507465,1.97702,0.14296,0.4018,0.50874,0.78656,3.7158,0.59878,1.1223,0.7981570105,0.1788,0.2762,0.50396,1.00444,1.28066,596.8,2809.4,0.7866
"18C-00865-H1XG",834.7894300278,5.9589,0.20396,0.50102,0.63948,0.78452,3.7446,0.68288,1.87278,1.1951126802,0.172,0.18602,0.42334,0.66512,0.85112,178,871.2,0.7846,651.7626572378,3.73262,0.17892,0.44736,0.56716,0.78748,3.7854,0.67048,1.33866,0.97682,0.1832,0.2261,0.46426,0.82468,1.05082,464.4,2222.8,0.7874,665.8702647562,2.81118,0.16618,0.43662,0.54862,0.79736,3.9552,0.6461,1.341,0.8660545233,0.1938,0.2401,0.5189,0.93764,1.17772,612.2,3026.4,0.7974
"18C-00866-H1XG",676.5774608632,3.85232,0.18598,0.46784,0.60278,0.77884,3.6242,0.65794,1.6127,1.015877122,0.1848,0.2225,0.46468,0.7742,0.99672,223.6,1066.8,0.7788,855.627019174,1.2554,0.1338,0.3154,0.402,0.7847,3.645,0.7368,0.6722,0.69566,0.192,0.3096,0.4536,1.1284,1.4379,473,2197,0.785,717.434185412,1.49678,0.14516,0.41706,0.55116,0.7566,3.1188,0.54436,1.24582,0.7239087789,0.2016,0.33946,0.5832,1.05254,1.39198,628.2,2583.8,0.7568
"18C-00867-H1XG",692.3038935885,2.70548,0.16954,0.41376,0.55598,0.74626,2.982,0.69706,1.40254,0.8813187452,0.1974,0.30226,0.47846,0.88202,1.1843,220.8,868,0.7464,623.3139767714,3.33352,0.1876,0.44826,0.5785,0.77528,3.4838,0.72368,1.38506,0.91974,0.2066,0.25364,0.4982,0.86312,1.11676,469.2,2093.6,0.7752,690.6791050522,4.12714,0.19306,0.46368,0.59762,0.77656,3.5178,0.75912,1.49262,0.937141073,0.2076,0.26252,0.53062,0.88258,1.14512,587.8,2639.2,0.7764
"18C-00868-H1XG",806.7543173328,7.37902,0.19476,0.46728,0.60014,0.77742,3.5726,0.71476,1.74924,1.0018665547,0.2172,0.29346,0.53964,0.94398,1.2374,233.4,1051,0.7776,614.4836073035,2.90258,0.17994,0.45466,0.5847,0.77748,3.5006,0.65832,1.41172,0.88797,0.2032,0.2516,0.51324,0.87816,1.12978,457.8,2060.2,0.7774,683.0895460096,3.27028,0.1697,0.45186,0.56788,0.79644,3.9776,0.63312,1.36964,0.9181511202,0.1864,0.24078,0.52442,0.91846,1.15922,582,2899,0.7964
"18C-00869-H1XG",643.3177728456,2.96948,0.16682,0.41918,0.5511,0.76018,3.1814,0.65732,1.33126,0.9371952797,0.1774,0.26632,0.45248,0.83922,1.10554,196.4,821.2,0.7604,695.1461053668,3.80762,0.19518,0.4622,0.58868,0.7832,3.6784,0.73824,1.47144,0.89754,0.2192,0.25008,0.51916,0.88802,1.1381,499.4,2333.8,0.783,804.4241839448,1.10188,0.12812,0.344,0.4532,0.7614,3.2094,0.65056,0.86952,0.644376223,0.199,0.38078,0.5495,1.20348,1.58428,647.6,2724.8,0.7614
"18C-00870-H1XG",673.9648493666,3.55504,0.16836,0.4643,0.5964,0.77898,3.5276,0.5696,1.59704,1.0575357789,0.159,0.21186,0.44046,0.7474,0.95928,221.8,1009.4,0.7792,634.3703326765,2.18524,0.15954,0.43078,0.55126,0.7821,3.6014,0.59134,1.24372,0.83411,0.1934,0.26498,0.52418,0.94834,1.21332,485.6,2232.6,0.782,693.077306344,3.06292,0.18194,0.44652,0.56224,0.79516,3.9022,0.71784,1.35636,0.8387487368,0.2196,0.25112,0.54914,0.96944,1.2206,597.8,2925.8,0.795
"18C-00871-H1XG",704.186517894,4.90742,0.18136,0.4554,0.59312,0.7647,3.3352,0.65968,1.67776,0.9649240919,0.1958,0.27494,0.49304,0.85436,1.12928,229.2,934.8,0.7648,734.8778140989,4.28542,0.19682,0.47464,0.59982,0.7905,3.8578,0.71634,1.53984,0.96324,0.205,0.22432,0.4943,0.83114,1.05548,464.6,2252.8,0.7904,747.6181635382,2.07406,0.14862,0.35524,0.46028,0.7662,3.338,0.76684,1.00508,0.7037603634,0.2096,0.35858,0.50496,1.1385,1.49708,610.8,2630.4,0.7662
"18C-00873-H1XG",844.6412447675,6.59312,0.18354,0.48278,0.60506,0.79526,3.9166,0.61862,1.84238,1.1485796008,0.162,0.19542,0.43028,0.74048,0.93592,215.6,1028.4,0.795,680.1990868584,3.77264,0.19074,0.45734,0.5805,0.7865,3.7726,0.71666,1.41146,0.91874,0.207,0.23536,0.50064,0.86426,1.09958,481.2,2302.6,0.7866,962.4815152972,0.8999,0.11156,0.33306,0.4698,0.7126,2.6408,0.5258,0.91224,0.6264151683,0.1858,0.53398,0.5893,1.23278,1.76674,704.8,2508.2,0.7124
"18C-00874-H1XG",804.9515711551,4.56198,0.1904,0.50488,0.66624,0.759,3.2664,0.61198,2.07564,0.9995821382,0.1914,0.2537,0.51662,0.77982,1.03352,226.2,1010.8,0.759,666.7843835984,4.15442,0.20032,0.44542,0.57418,0.77338,3.4746,0.81426,1.37704,0.97029,0.209,0.25148,0.46706,0.82688,1.07834,479.8,2133.2,0.7732,678.3469484512,1.9395,0.14762,0.43684,0.5682,0.7695,3.3586,0.5238,1.33514,0.8272873419,0.1804,0.28808,0.54596,0.9529,1.24098,589.4,2579.8,0.7694
"18C-00875-H1XG",665.1896178941,3.7225,0.17132,0.46228,0.59026,0.78262,3.6318,0.59006,1.50404,0.9969623761,0.1704,0.22108,0.466,0.7914,1.01252,393,1768.8,0.7826,731.7661126602,3.49226,0.18448,0.4699,0.58632,0.80242,4.1106,0.65168,1.4391,0.90984,0.205,0.22234,0.52318,0.89202,1.11434,509.4,2606.6,0.8024,679.196189374,2.1967,0.14686,0.40136,0.51474,0.78004,3.5766,0.6011,1.07334,0.8233818488,0.1866,0.31494,0.55604,1.0737,1.38862,673.4,3050,0.7798
"18C-00876-H1XG",803.6881809311,6.19252,0.1921,0.49446,0.63264,0.77986,3.609,0.63146,1.91974,1.1407311553,0.1702,0.2049,0.44264,0.71202,0.91696,215.4,997.2,0.7798,661.6723875383,3.7625,0.189,0.42566,0.54132,0.78496,3.6784,0.79742,1.21772,0.94745,0.1994,0.23386,0.4516,0.84382,1.07772,476.8,2228.4,0.785,641.006678716,2.57812,0.1511,0.41964,0.5398,0.77528,3.512,0.57028,1.20124,0.8945791233,0.1692,0.27242,0.48734,0.91332,1.18576,588.6,2634.6,0.7752
"18C-00877-H1XG",774.4876572415,6.33132,0.19346,0.47718,0.6106,0.77924,3.6406,0.66908,1.82236,1.0558392892,0.1802,0.22864,0.45872,0.77222,1.00084,213,988,0.7792,629.6626240609,2.44648,0.16166,0.40396,0.5206,0.77368,3.4998,0.66942,1.10428,0.84036,0.193,0.28328,0.48688,0.94346,1.2267,504.6,2260,0.7738,667.7592627023,2.16204,0.15566,0.41114,0.52476,0.78322,3.6412,0.64746,1.19514,0.7868320365,0.1984,0.28688,0.53786,1.01914,1.306,593,2743,0.783
"18C-00878-H1XG",743.0789692706,4.5718,0.18712,0.49502,0.6374,0.7774,3.5072,0.60438,1.88248,1.0651345799,0.1744,0.21094,0.4655,0.74006,0.95098,224.2,1031.2,0.7776,687.9678853902,4.23,0.19476,0.4543,0.5783,0.78406,3.6714,0.76548,1.40452,0.93374,0.2078,0.24062,0.49384,0.86182,1.10244,464.8,2153.6,0.7842,752.2415371459,3.85366,0.19442,0.47436,0.5975,0.79508,3.9132,0.71684,1.52182,0.9118861807,0.2162,0.23442,0.53984,0.8941,1.1285,576.4,2824.6,0.795
"18C-00881-H1XG",698.7782719206,4.2765,0.18558,0.4641,0.58866,0.78658,3.7504,0.66372,1.54828,1.0000600875,0.185,0.22042,0.46382,0.80302,1.02342,229.4,1110,0.7864,706.5840918035,3.79036,0.19026,0.44908,0.56166,0.799,3.996,0.73736,1.3037,0.95464,0.1998,0.21508,0.47406,0.8506,1.0657,484,2413.6,0.799,707.0774878163,2.9896,0.17902,0.4064,0.5154,0.78898,3.7722,0.8235,1.07032,0.8518317906,0.2098,0.25794,0.48924,0.94742,1.20536,619.6,2950.4,0.789
"18C-00882-H1XG",650.9196383564,3.52696,0.17866,0.44396,0.5641,0.78684,3.7274,0.69954,1.40866,0.9325341816,0.1954,0.24246,0.48166,0.888,1.13044,228.4,1070,0.787,704.8267561728,3.97944,0.19916,0.43504,0.55092,0.7881,3.7806,0.87148,1.25492,0.95166,0.2136,0.23398,0.46384,0.84938,1.08336,502.2,2377,0.7882,840.4370366141,5.08638,0.20846,0.48056,0.5967,0.80368,4.1348,0.77832,1.59386,0.9785638646,0.2142,0.20556,0.49544,0.832,1.03752,538.2,2741,0.8038
"18C-00883-H1XG",664.0008620182,3.61208,0.16712,0.45622,0.58376,0.77848,3.6032,0.58084,1.48702,1.0271700169,0.1654,0.23358,0.45242,0.79056,1.02414,245.6,1083.4,0.7786,663.5431192977,2.03198,0.14426,0.40152,0.51766,0.76926,3.4828,0.5484,1.12258,0.73725,0.193,0.36042,0.55812,1.11896,1.4794,535.8,2349.2,0.7692,681.9030794149,3.39816,0.1596,0.42272,0.5346,0.78854,3.985,0.61576,1.19568,0.9013065245,0.185,0.27992,0.51446,0.96232,1.24224,606.6,2972.6,0.7886
"18C-00884-H1XG",798.513576261,5.77634,0.1964,0.49332,0.62612,0.78278,3.8036,0.65682,1.77552,1.0912173868,0.1826,0.23342,0.46806,0.77062,1.00406,213,1025.6,0.783,668.8199996569,3.04072,0.17516,0.4243,0.5323,0.79612,3.9246,0.70964,1.1592,0.92546,0.1898,0.22262,0.4586,0.86534,1.08796,475.8,2350.2,0.796,847.514074784,0.95362,0.11908,0.35904,0.48128,0.7435,3.0034,0.51362,0.9459,0.6109696991,0.2046,0.4696,0.61672,1.29448,1.76412,660.2,2593,0.7434
"18C-00885-H1XG",826.4294320983,6.21634,0.1832,0.50194,0.64262,0.78102,3.589,0.57822,1.96192,1.1656541418,0.1574,0.20106,0.4471,0.70818,0.90922,219,1003.8,0.781,651.7136094073,2.33186,0.15662,0.40098,0.51752,0.77218,3.4288,0.64086,1.1309,0.86694,0.1804,0.2762,0.46216,0.91752,1.19374,477.4,2107.6,0.7722,769.1345867631,1.26618,0.12788,0.38266,0.50132,0.76286,3.279,0.52546,1.0353,0.718209764,0.1806,0.34656,0.5526,1.09074,1.43726,652.8,2777.8,0.763
"18C-00886-H1XG",670.5797729487,3.44434,0.17196,0.46092,0.60688,0.76404,3.5348,0.59312,1.597,1.0337968816,0.1682,0.2394,0.45244,0.74992,0.98934,462.6,1688.4,0.7642,636.2798028285,3.60472,0.17802,0.4358,0.55542,0.78234,3.7418,0.68232,1.33972,0.86106,0.2056,0.27004,0.51062,0.93592,1.20598,506.6,2382,0.7824,859.8155411452,5.41364,0.20344,0.48982,0.60984,0.80432,4.1496,0.75824,1.60302,1.0168504735,0.2022,0.21016,0.51754,0.84124,1.0514,569.6,2931.2,0.8042
"18C-00887-H1XG",883.785633787,6.15538,0.21656,0.49968,0.63078,0.7941,3.9732,0.7812,1.79308,1.1516635589,0.1876,0.17882,0.4337,0.69174,0.87058,207.4,1064,0.794,651.8540306505,3.65682,0.19204,0.44894,0.57254,0.78308,3.6382,0.74812,1.37,0.95598,0.2006,0.22754,0.46996,0.8215,1.04902,463,2150.6,0.783,625.102586306,2.68694,0.1775,0.44334,0.5734,0.77328,3.4242,0.68322,1.3684,0.8529624967,0.2084,0.26814,0.52426,0.91096,1.17912,561.2,2481.4,0.7732
"18C-00891-H1XG",661.3797112997,3.03752,0.17268,0.4403,0.57904,0.75738,3.1874,0.65366,1.44182,0.9580261505,0.1812,0.26242,0.46024,0.8053,1.06772,223,943.4,0.7574,859.6620504684,5.58996,0.22574,0.495,0.62476,0.79214,3.8302,0.83996,1.68014,1.03353,0.221,0.20296,0.48406,0.77488,0.97782,494.4,2386,0.7924,768.8608901956,4.9017,0.21654,0.47038,0.60302,0.78054,3.5838,0.89044,1.5628,0.9969132614,0.2206,0.22806,0.48894,0.80178,1.02986,547.8,2508.6,0.7806
"18C-00892-H1XG",781.3984104664,4.89786,0.20262,0.45522,0.60206,0.75668,3.1912,0.79904,1.66978,0.9729638442,0.207,0.26204,0.47204,0.7982,1.06024,216.8,916.4,0.7568,669.2692111754,3.77096,0.18808,0.46142,0.58754,0.7856,3.7104,0.68886,1.44018,0.98959,0.1952,0.22748,0.48028,0.82376,1.05124,470,2204.8,0.7856,726.945577147,1.58,0.13734,0.4076,0.53624,0.7596,3.1682,0.54154,1.27962,0.7905713786,0.178,0.31596,0.53288,0.98858,1.30452,603.8,2512.8,0.7594
"18C-00893-H1XG",726.8567656704,2.34118,0.14914,0.38882,0.5197,0.73598,3.0636,0.62798,1.19306,0.8207144865,0.1904,0.45118,0.49442,1.02736,1.4785,276.2,1022,0.7358,758.3256190807,4.7912,0.20666,0.47256,0.59824,0.79008,3.8064,0.78478,1.5133,1.02959,0.2006,0.20588,0.46026,0.77198,0.97784,466.6,2239.6,0.7902,1000.034574042,0.68478,0.11114,0.33476,0.4748,0.70538,2.4328,0.5427,0.9707,0.5967691022,0.1894,0.50316,0.58092,1.19756,1.7007,646.4,2228.4,0.7054
"18C-00894-H1XG",644.0070733559,2.94158,0.16496,0.4408,0.5605,0.78702,3.7274,0.60482,1.32966,0.9773561346,0.1688,0.21974,0.45158,0.814,1.03374,227,1103.8,0.787,739.9615733028,3.6496,0.19198,0.46456,0.57882,0.8027,4.0738,0.70702,1.38138,0.91532,0.2144,0.22078,0.51728,0.89446,1.11524,493,2496.2,0.8026,656.1055629293,2.3799,0.16186,0.4315,0.5498,0.78538,3.6968,0.6181,1.29452,0.7946871558,0.2054,0.28302,0.55926,1.0144,1.29742,621.8,2910.2,0.7854
"18C-00895-H1XG",699.6849558584,3.63556,0.16372,0.41202,0.55472,0.73668,2.9974,0.64398,1.4512,0.8908830136,0.1882,0.37524,0.48722,0.93144,1.3067,244.2,908.2,0.7364,755.8781120028,2.85086,0.18336,0.41688,0.56702,0.72994,2.8622,0.80728,1.3888,0.83086,0.227,0.37084,0.5089,0.92628,1.29712,493.2,1868.4,0.7298,672.632917666,3.18132,0.17678,0.44642,0.56178,0.79474,3.9002,0.69494,1.30606,0.8876512846,0.203,0.24616,0.53166,0.9378,1.18396,614.4,2995.8,0.7946
"18C-00896-H1XG",863.6634451574,5.42708,0.19718,0.51466,0.64412,0.79796,4.0602,0.62936,1.86916,1.0973986555,0.1812,0.19002,0.47206,0.73672,0.92676,206,1062.4,0.7978,725.9419535534,2.37804,0.17532,0.3895,0.50872,0.76148,3.2584,0.83478,1.07946,0.72619,0.246,0.35846,0.54556,1.1056,1.46406,530.6,2231.4,0.7614,654.2256590752,2.90486,0.17564,0.4364,0.55182,0.79144,3.8014,0.70294,1.26878,0.8694303405,0.2046,0.24814,0.52128,0.9345,1.18264,606.2,2905.4,0.7914
"18C-00897-H1XG",758.6973157272,4.58638,0.18828,0.46684,0.58268,0.79946,4.033,0.67896,1.46678,1.0829042839,0.1744,0.19118,0.43172,0.75212,0.94332,228.6,1171,0.7994,701.9565602932,4.06222,0.1946,0.45446,0.57398,0.78984,3.7976,0.74796,1.4191,0.92952,0.2088,0.23564,0.48988,0.87294,1.10858,478.2,2285,0.7896,669.3680827974,2.32786,0.15496,0.4032,0.51298,0.77946,3.6168,0.66554,1.25802,0.7118738458,0.2164,0.32464,0.55618,1.1174,1.44202,639.2,2914.2,0.7796
"18C-00898-H1XG",1008.7143788608,9.3734,0.20182,0.5026,0.62078,0.80948,4.2504,0.68092,1.89244,1.1639653283,0.1684,0.1705,0.43896,0.72504,0.8955,207,1090.4,0.8096,604.0433216394,3.1257,0.1796,0.45362,0.58354,0.77586,3.5354,0.65626,1.42918,0.91283,0.1966,0.24934,0.4965,0.8526,1.10194,466.8,2112.2,0.7758,719.7333991482,2.02488,0.15954,0.39064,0.49882,0.78176,3.6378,0.74704,1.05554,0.7319841581,0.218,0.30572,0.54008,1.07922,1.38488,646.4,3017.8,0.7818
"18C-00899-H1XG",695.5907175606,3.02456,0.1604,0.47916,0.61844,0.77512,3.5288,0.512,1.65108,1.036776195,0.1568,0.22268,0.46678,0.75314,0.97582,211.2,986.2,0.7754,719.977428021,3.65988,0.19652,0.4437,0.58486,0.7547,3.1694,0.8009,1.46122,0.89612,0.2248,0.30474,0.50524,0.88444,1.18918,484.2,1999.8,0.7546,800.4012494425,4.47828,0.2058,0.47628,0.62366,0.76062,3.246,0.82008,1.76116,0.9075113976,0.2294,0.2824,0.54098,0.87122,1.15362,579.4,2433.6,0.7608
"18C-00900-H1XG",675.6731146826,2.74708,0.15822,0.4186,0.55288,0.74972,3.1958,0.60938,1.33382,0.9181525741,0.1758,0.32308,0.46298,0.86356,1.1866,231.8,879.4,0.7498,695.1684914395,3.55536,0.19132,0.44752,0.58498,0.7619,3.2668,0.7599,1.48838,0.86662,0.2252,0.2993,0.52492,0.9228,1.22206,478,2028.4,0.7616,654.8154840601,2.51412,0.1579,0.44922,0.57982,0.77534,3.46,0.5548,1.4457,0.8502493428,0.1868,0.27952,0.54868,0.9564,1.23592,624.4,2785,0.7754
"18C-00901-H1XG",766.7991417481,4.77676,0.19354,0.48436,0.61302,0.79038,3.7968,0.66444,1.63742,1.1357167158,0.172,0.18646,0.42946,0.70528,0.89174,201.8,994.2,0.7904,725.9578652308,3.2907,0.1663,0.4594,0.5708,0.8047,4.121,0.5672,1.3301,1.05886,0.157,0.1845,0.434,0.7603,0.9448,471,2412,0.805,661.6496368231,3.07752,0.17438,0.44488,0.56188,0.7928,3.8806,0.67116,1.33498,0.8702501691,0.2026,0.25632,0.5384,0.94862,1.20494,601.6,2916.6,0.7928
"18C-00902-H1XG",780.4076783754,2.10274,0.14694,0.37262,0.49824,0.73584,2.9456,0.66604,1.12602,0.6971718157,0.2114,0.4472,0.53708,1.14352,1.59072,200.8,766.2,0.7358,612.4050751237,2.53392,0.16508,0.41778,0.5378,0.77766,3.5404,0.659,1.17964,0.93748,0.177,0.23794,0.44758,0.83782,1.0758,463.4,2102.4,0.7774,880.8735130756,4.51824,0.2064,0.45562,0.55608,0.81894,4.5728,0.8647,1.34884,0.8913327594,0.232,0.20476,0.51358,0.92248,1.1272,583,3248.8,0.8188
"18C-00903-H1XG",844.6132628844,7.69614,0.2061,0.49222,0.63464,0.7751,3.4646,0.7304,1.93102,1.12269683,0.1846,0.22028,0.46,0.74592,0.96622,210.6,925.8,0.775,803.2078156116,1.4076,0.1456,0.3299,0.4274,0.7719,3.384,0.7901,0.7465,0.70547,0.206,0.3234,0.4678,1.0945,1.4179,448,1964,0.772,681.8619509062,2.19104,0.14432,0.40512,0.52654,0.76824,3.4194,0.58066,1.15426,0.8706457414,0.1686,0.2926,0.4879,0.92824,1.22084,606.2,2675.8,0.7686
"18C-00905-H1XG",767.2773675876,1.70478,0.14064,0.40472,0.54542,0.73806,3.0658,0.54028,1.23428,0.7933571987,0.179,0.36354,0.51412,0.9434,1.3069,211.8,903,0.738,679.8382140667,2.68786,0.1613,0.4022,0.53792,0.73814,3.084,0.67258,1.24808,0.82549,0.2018,0.3925,0.50362,0.97902,1.37154,513.8,2065.2,0.738,664.1037055239,2.11606,0.16046,0.40752,0.53488,0.76276,3.2496,0.66216,1.15708,0.844674909,0.1918,0.288,0.491,0.91366,1.20164,590.8,2507.6,0.763
"18C-00906-H1XG",773.5712717446,4.52494,0.1977,0.47522,0.6265,0.75838,3.2226,0.70974,1.76966,0.9649564717,0.2066,0.26882,0.50614,0.82322,1.09204,215,905.8,0.7584,863.5570307263,5.71406,0.22356,0.49004,0.61676,0.79502,3.9088,0.85624,1.65232,1.06248,0.2106,0.1932,0.46098,0.74992,0.9431,488.2,2410.2,0.795,705.4643481977,3.30684,0.18312,0.46124,0.58176,0.79112,3.806,0.68096,1.46418,0.8190241044,0.2238,0.26488,0.57354,0.99444,1.25934,603.8,2892.8,0.791
"18C-00907-H1XG",716.5638726992,2.5903,0.14784,0.39758,0.52092,0.75924,3.2448,0.58596,1.23414,0.9228103678,0.1622,0.29896,0.43986,0.8828,1.18176,251.8,1017.2,0.7594,689.6180457422,1.92708,0.14748,0.39488,0.51416,0.76344,3.3236,0.59988,1.10184,0.74123,0.2004,0.34538,0.54006,1.07236,1.41768,511.4,2172.6,0.7634,744.0723242378,1.77818,0.14546,0.41534,0.55934,0.74134,2.9138,0.55832,1.32052,0.7732282094,0.1914,0.35684,0.56462,1.00116,1.358,638.4,2486.4,0.7414
"18C-00908-H1XG",897.5685458568,9.2202,0.2106,0.46384,0.58566,0.78852,3.7804,0.81952,1.78658,0.9809692142,0.2072,0.22682,0.4709,0.83026,1.05706,217.4,1025,0.7886,688.9571696652,3.74276,0.1898,0.46728,0.59302,0.78894,3.7584,0.6889,1.54796,0.95025,0.2018,0.2244,0.49632,0.8395,1.06388,464.4,2212,0.7888,699.9277472958,2.26228,0.16856,0.40444,0.51642,0.78346,3.651,0.7671,1.11592,0.7613629493,0.2242,0.29392,0.5462,1.0487,1.34266,598.8,2783.2,0.7834
"18C-00909-H1XG",791.382650834,6.32542,0.17828,0.47104,0.59432,0.78934,3.7894,0.61382,1.83242,1.0596464552,0.1648,0.20762,0.44068,0.76492,0.97252,213.8,1027.6,0.7894,753.2166803164,4.60388,0.21054,0.4899,0.63212,0.77458,3.5488,0.76048,1.72794,0.95662,0.2222,0.24434,0.51854,0.82202,1.06636,471.6,2144.4,0.7746,801.2732611094,1.21316,0.11774,0.36198,0.46776,0.77644,3.5338,0.50688,0.90512,0.735876535,0.164,0.33196,0.52726,1.1133,1.44528,683.2,3094.8,0.7766
"18C-00910-H1XG",821.9487397064,5.1505,0.18274,0.48132,0.59814,0.8025,4.1728,0.6284,1.66266,1.1184474435,0.1644,0.18366,0.4296,0.72956,0.91322,189,952.4,0.8024,638.6953482594,2.78006,0.16652,0.4393,0.55496,0.79028,3.8006,0.6095,1.3286,0.85784,0.1928,0.24624,0.51076,0.92474,1.17098,477.6,2292.8,0.7904,631.9051870006,2.53264,0.17386,0.4281,0.54872,0.77856,3.5256,0.70916,1.30348,0.8069298824,0.2176,0.27878,0.53984,0.97904,1.25782,631.6,2859,0.7784
"18C-00911-H1XG",627.2725777799,2.74204,0.16188,0.43228,0.55588,0.77808,3.5966,0.59748,1.28294,0.9669364413,0.1684,0.23648,0.4497,0.81212,1.0486,195,918.4,0.7782,755.6422350287,4.74792,0.20508,0.46758,0.58958,0.79296,3.8312,0.78516,1.47124,1.00476,0.2036,0.20998,0.46982,0.80444,1.01444,462,2233.2,0.7928,648.9496413736,2.52024,0.16324,0.42658,0.54232,0.78684,3.7018,0.6561,1.22996,0.8085911804,0.2024,0.27458,0.54798,1.00592,1.28048,608.8,2862,0.787
"18C-00912-H1XG",617.8158501085,3.19884,0.17146,0.44358,0.57356,0.77488,3.5984,0.62976,1.4175,0.9753533673,0.1756,0.23424,0.45592,0.80582,1.04008,229,1108.4,0.775,675.8954351136,3.2832,0.1829,0.41,0.5212,0.7866,3.685,0.8054,1.0886,1.01677,0.18,0.21,0.4034,0.774,0.9841,454,2127,0.787,864.6497358307,4.54994,0.19728,0.4963,0.60862,0.81536,4.4308,0.6822,1.5742,0.9533831805,0.2068,0.19618,0.5258,0.86274,1.05892,570.8,3101.2,0.8152
"18C-00913-H1XG",654.300679086,2.8258,0.17606,0.43642,0.5568,0.78208,3.6052,0.70206,1.41576,0.9274004289,0.1848,0.24134,0.46728,0.8584,1.0997,253,1142.4,0.782,625.6729473896,2.8258,0.17108,0.45572,0.58318,0.78134,3.5864,0.60636,1.40644,0.91645,0.1888,0.24192,0.5024,0.86206,1.10398,460.4,2117.4,0.7814,627.7869444727,2.92886,0.18472,0.43618,0.56166,0.77604,3.4768,0.76506,1.32904,0.869669413,0.2148,0.26056,0.51418,0.90454,1.16514,618.2,2772.6,0.776
"18C-00914-H1XG",804.7138377138,2.07182,0.1621,0.38086,0.5231,0.69086,2.6734,0.77186,1.3269,0.7837879976,0.2042,0.693,0.47348,1.01054,1.70354,219.6,738,0.6908,700.2939229354,2.07182,0.15344,0.37802,0.49044,0.7666,3.356,0.6752,0.99938,0.70794,0.2138,0.35218,0.54006,1.12184,1.474,549.6,2363.8,0.7664,748.0081936886,3.81156,0.19136,0.40826,0.51658,0.78736,3.845,0.91372,1.098,0.9350248633,0.2096,0.24512,0.44696,0.87072,1.11584,585.2,2829.8,0.7874
"18C-00915-H1XG",718.1809984187,4.81344,0.17778,0.4699,0.62626,0.75298,3.1412,0.61068,1.72238,0.9460819961,0.191,0.26424,0.50326,0.80374,1.06798,446.8,1667.2,0.753,764.6608124574,4.81344,0.20746,0.48574,0.6186,0.78358,3.678,0.74584,1.69462,0.96609,0.2162,0.23432,0.50628,0.8312,1.06552,468.6,2176.8,0.7836,1783.1381799875,0.08486,0.05494,0.1723,0.30094,0.56494,1.3114,0.51088,0.45254,0.2948942294,0.186,1.49302,0.57898,1.9214,3.41442,1041,2399,0.5648
"18C-00916-H1XG",835.0002176194,4.9888,0.18346,0.49458,0.61834,0.79922,4.044,0.58916,1.76876,1.1081003249,0.1658,0.18722,0.45082,0.73722,0.92446,194,981,0.7992,781.298477877,4.9888,0.19876,0.47874,0.59878,0.79678,4.0412,0.71724,1.54464,1.01606,0.1962,0.20924,0.47366,0.7995,1.00872,448.2,2252,0.7968,672.2013281317,4.15066,0.19288,0.4508,0.57772,0.7768,3.5902,0.77064,1.43626,0.9597985436,0.202,0.25376,0.48416,0.84304,1.09682,579.8,2650,0.7766
"18C-00917-H1XG",674.0434131066,3.10468,0.18142,0.46842,0.61034,0.76708,3.3868,0.63668,1.6892,0.9213301968,0.1982,0.26002,0.51182,0.84254,1.10256,225.4,1001,0.767,748.3999183508,3.10468,0.18616,0.4278,0.5823,0.73186,2.8324,0.7657,1.4209,0.8579,0.2246,0.35654,0.52116,0.90734,1.2639,492.4,1867.2,0.7318,684.404427844,1.9831,0.15108,0.41968,0.5532,0.75814,3.1692,0.59242,1.28904,0.8461413435,0.1804,0.29548,0.51054,0.91504,1.21054,592,2460.6,0.7582
"18C-00918-H1XG",922.2565640717,8.4679,0.19746,0.47286,0.62766,0.74604,3.307,0.70318,2.12666,1.0133191843,0.1906,0.30288,0.48188,0.79012,1.09302,212.2,878.6,0.746,1160.0250586174,8.4679,0.2335,0.5507,0.6677,0.8248,4.708,0.7358,2.0092,1.21681,0.192,0.144,0.4527,0.678,0.822,487,2780,0.825,710.9050610448,4.40188,0.20148,0.46276,0.5967,0.77448,3.5126,0.80394,1.50268,0.9607137098,0.2194,0.26372,0.514,0.86336,1.1271,572,2545,0.7746
"18C-00919-H1XG",613.4493685173,2.59372,0.16724,0.42616,0.54866,0.77752,3.519,0.63976,1.39928,0.9233888017,0.1796,0.25822,0.47338,0.89204,1.15026,254.8,1134.6,0.7776,666.5689577121,2.59372,0.15984,0.43068,0.54384,0.7877,3.8402,0.591,1.24208,0.78139,0.2026,0.29798,0.56002,1.04832,1.3463,509.2,2446.4,0.7878,670.7480294499,2.27602,0.17042,0.42098,0.55498,0.75782,3.2316,0.71822,1.30642,0.7642608086,0.2322,0.34916,0.57554,1.03574,1.38488,650,2699,0.7578
"18C-00921-H1XG",738.3549269506,3.04198,0.18598,0.48306,0.61934,0.77672,3.5428,0.6261,1.82298,1.066030033,0.1746,0.2236,0.45646,0.7605,0.98414,221.6,1024,0.7768,636.4629227767,3.04198,0.18322,0.42488,0.54424,0.78138,3.6154,0.79336,1.23728,0.88351,0.2126,0.25576,0.48506,0.91388,1.16964,478.8,2211.8,0.7814,636.75174679,2.0545,0.1527,0.41596,0.53832,0.773,3.4686,0.61802,1.24232,0.7918029266,0.1924,0.29312,0.53544,0.9884,1.28148,568.8,2525.4,0.773
"18C-00922-H1XG",638.2925541657,4.4161,0.16918,0.42882,0.54316,0.79016,3.7744,0.65694,1.25028,0.9516638369,0.1776,0.22146,0.45092,0.8358,1.05728,220.8,1068,0.7902,827.5382645599,4.4161,0.184,0.4866,0.5987,0.8128,4.342,0.6078,1.4919,1.12193,0.164,0.1669,0.4338,0.7246,0.8915,462,2468,0.813,739.7000393173,1.8808833333,0.1430166667,0.35605,0.4647333333,0.7665166667,3.3356666667,0.6906166667,0.93995,0.7375218008,0.197,0.34495,0.5051166667,1.0969333333,1.4419,647.5,2787.8333333333,0.7665
"18C-00923-H1XG",730.4078363981,2.04258,0.19064,0.4538,0.58,0.77984,3.6114,0.75586,1.71374,0.8425776117,0.2352,0.30022,0.56252,1.03802,1.33822,231,1071,0.7796,705.2553971522,2.04258,0.16906,0.39806,0.5236,0.75948,3.1754,0.74078,1.1212,0.75244,0.2256,0.3261,0.53064,1.02126,1.34734,489.4,2044,0.7596,782.0585608247,3.4097,0.1987,0.4044,0.5145,0.7858,3.72,1.0124,1.12162,0.7780619326,0.258,0.2866,0.5303,1.0376,1.32418,621,2923.4,0.7858
"18C-00924-H1XG",810.8261197351,1.1813,0.13516,0.3814,0.51504,0.73196,2.997,0.5539,1.12926,0.8375714241,0.1682,0.40156,0.47282,0.94614,1.34768,246.4,867,0.7318,865.8282892978,1.1813,0.1159,0.3406,0.4428,0.7693,3.334,0.5155,0.7947,0.86458,0.134,0.2668,0.3938,0.8894,1.1562,464,2011,0.769,669.4266044465,3.02874,0.17708,0.44028,0.5534,0.79566,3.897,0.70232,1.25476,0.8623470562,0.2064,0.24388,0.52652,0.94558,1.18946,580.4,2838.4,0.7956
"18C-00925-H1XG",660.5800854649,3.1769,0.16536,0.45404,0.57788,0.78602,3.6798,0.5745,1.43752,0.9663418757,0.1712,0.22306,0.46928,0.81912,1.04222,210.4,981.4,0.7862,656.0938400265,3.1769,0.1837,0.4243,0.5584,0.7599,3.165,0.7636,1.2644,1.0397,0.177,0.2309,0.4081,0.7309,0.9619,460,1916,0.76,732.8952318265,2.79674,0.1778,0.42086,0.52642,0.7997,3.9996,0.79368,1.16844,0.8270952105,0.2166,0.24486,0.52026,0.9766,1.22144,598.8,2995.6,0.7998
"18C-00926-H1XG",699.5499958012,1.362,0.1599,0.45062,0.56708,0.79406,3.8772,0.54698,1.37518,1.0147853874,0.1584,0.21008,0.45108,0.80648,1.01652,194.4,953,0.794,797.8903520077,1.362,0.1208,0.3863,0.4937,0.7825,3.599,0.4547,0.975,0.8542,0.141,0.2547,0.4525,0.9167,1.1714,461,2120,0.783,684.1371253841,1.7738,0.15428,0.40472,0.5271,0.76758,3.3234,0.64518,1.15784,0.7007616541,0.2212,0.34036,0.59418,1.11574,1.45608,631.6,2726.6,0.7676
"18C-00927-H1XG",670.5317545342,3.1902,0.18322,0.44988,0.57504,0.77878,3.5804,0.67888,1.46758,0.9868994309,0.1898,0.25238,0.4744,0.8521,1.10446,236,1032,0.7788,705.1600653535,3.1902,0.202,0.4111,0.5346,0.7691,3.331,0.9661,1.1485,0.86302,0.234,0.2675,0.4763,0.8911,1.1586,456,1975,0.769,752.6544750837,3.34962,0.18974,0.4629,0.5771,0.80184,4.0818,0.7191,1.42356,0.8475808577,0.2254,0.235,0.55076,0.94944,1.18444,599.8,3040,0.8018
"18C-00929-H1XG",893.4105044272,5.51202,0.1263,0.3502,0.4836,0.7135,2.7704,0.57238,0.9923,0.6897917693,0.1938,0.52338,0.53542,1.15498,1.67836,314.2,1166.8,0.7132,876.2530489014,5.51202,0.22952,0.5086,0.64808,0.78442,3.6436,0.82134,1.89908,0.917,0.2494,0.23864,0.5563,0.86516,1.10382,484.8,2246.8,0.7844,794.7129230118,5.17708,0.20762,0.44612,0.56448,0.7894,3.8564,0.89736,1.30268,0.9021501533,0.2408,0.2792,0.54944,0.98148,1.26068,593.6,2819.4,0.7892
"18C-00930-H1XG",772.2940309347,3.5834,0.14574,0.39668,0.5375,0.74222,2.9354,0.57908,1.24608,0.7294786074,0.201,0.35846,0.54918,1.03878,1.39726,227,901.8,0.742,725.2624905071,3.5834,0.1976,0.4032,0.53,0.7609,3.182,0.9606,1.1275,1.03974,0.19,0.23,0.3878,0.7318,0.9618,472,1974,0.761,702.8498314618,2.89822,0.18496,0.42954,0.54618,0.7878,3.7688,0.78516,1.23804,0.7739914385,0.245,0.2946,0.5849,1.06074,1.3553,638.8,3031.8,0.7876
"18C-00931-H1XG",657.882962648,4.09962,0.1742,0.45334,0.59408,0.76468,3.2856,0.62426,1.50552,0.9199012038,0.19,0.25594,0.4951,0.8359,1.09184,221.4,975.4,0.7646,806.378425815,4.09962,0.2034,0.49116,0.6139,0.80014,4.0098,0.71134,1.59556,0.90159,0.2288,0.22522,0.55604,0.9042,1.12942,504.2,2527,0.8,780.3509319863,4.48746,0.19174,0.46982,0.59028,0.79702,4.104,0.74136,1.4896,0.9431991067,0.205,0.23362,0.52496,0.87884,1.11246,591.8,2998.4,0.7968
"18C-00932-H1XG",708.8042091518,2.13304,0.18868,0.44908,0.57386,0.78276,3.6172,0.72166,1.62362,0.9607439347,0.1928,0.23582,0.47084,0.84912,1.08496,192.6,892.2,0.7828,634.3495658407,2.13304,0.15364,0.43114,0.55684,0.77374,3.434,0.55374,1.26636,0.86107,0.1794,0.26752,0.50404,0.9088,1.17632,509.8,2251.2,0.7738,956.2759445154,6.175,0.21986,0.5119,0.63302,0.80878,4.2326,0.78368,1.7672,1.0447559376,0.2142,0.19096,0.51456,0.80482,0.99578,567.6,2965.6,0.8088
"18C-00933-H1XG",823.1282282813,2.93054,0.18838,0.48542,0.60874,0.79494,3.9608,0.62914,1.78536,1.1048196596,0.168,0.19328,0.4381,0.73508,0.92834,209.4,1039.4,0.795,612.1117357182,2.93054,0.16932,0.43472,0.55352,0.78418,3.6984,0.63634,1.2559,0.87127,0.194,0.2609,0.50794,0.92198,1.18288,492,2284,0.7842,780.7940638957,4.04458,0.18956,0.48206,0.59866,0.80646,4.1998,0.66248,1.53826,0.9703768449,0.1972,0.2042,0.5074,0.84108,1.04524,586.8,3051.6,0.8064
"18C-00934-H1XG",684.9913397969,6.4284,0.17364,0.46414,0.6048,0.76698,3.3354,0.61134,1.6637,1.0142937406,0.1722,0.23644,0.45722,0.76784,1.00428,176.8,774.8,0.7672,975.4580084763,6.4284,0.23334,0.50594,0.62902,0.8043,4.118,0.91178,1.70282,0.97101,0.2402,0.20226,0.52142,0.82994,1.0322,478.4,2444.4,0.8042,719.202796628,2.89476,0.19184,0.41328,0.54194,0.75994,3.2032,0.90554,1.24426,0.8176432683,0.2346,0.29706,0.50682,0.93358,1.23064,623.8,2618.2,0.7598
"18C-00935-H1XG",960.7827412859,2.1496,0.21018,0.50916,0.63162,0.80332,4.1536,0.703,1.8994,1.1389315262,0.182,0.17946,0.44702,0.7191,0.89854,196,994.2,0.8036,755.9989237914,2.1496,0.1699,0.3889,0.4908,0.7925,3.819,0.7758,0.9638,0.7524,0.226,0.2756,0.5166,1.0526,1.3283,469,2260,0.792,685.88415894,3.13726,0.18358,0.44238,0.55858,0.79314,3.8836,0.73764,1.34182,0.8619185308,0.2194,0.253,0.5374,0.94736,1.20036,596,2903.6,0.7932
"18C-00936-H1XG",613.1602504881,1.5809,0.16414,0.436,0.56488,0.76872,3.483,0.60252,1.34848,0.9019238905,0.184,0.27574,0.48976,0.87416,1.14994,238,1070.6,0.7688,821.1150183596,1.5809,0.1381,0.3592,0.4527,0.7933,3.838,0.6245,0.8273,0.79693,0.173,0.2593,0.4505,0.9951,1.2544,488,2361,0.793,733.8228257399,1.80126,0.1488,0.39246,0.52094,0.75378,3.108,0.63702,1.12094,0.8293397762,0.1806,0.30474,0.48334,0.92184,1.22658,621.6,2535.2,0.7538
"18C-00937-H1XG",903.4723007507,1.26816,0.21316,0.4724,0.61554,0.76102,3.3574,0.81618,1.91294,1.0087454214,0.2132,0.28518,0.48578,0.82234,1.10754,199,835,0.7612,850.6117134246,1.26816,0.13716,0.34936,0.4766,0.73228,2.7974,0.6492,0.91642,0.6916,0.2022,0.42346,0.52848,1.1116,1.53508,507.4,1906.2,0.7324,674.8691140352,4.24882,0.18784,0.4554,0.59218,0.76856,3.4458,0.73524,1.51154,0.9942294507,0.1904,0.25832,0.48656,0.8145,1.07286,580.8,2578.6,0.7686
"18C-00938-H1XG",906.7683066915,1.24368,0.1715,0.40616,0.58266,0.69232,2.2946,0.71618,1.62564,0.856043668,0.2092,0.44282,0.52334,0.94372,1.38652,238.8,752.6,0.6924,1028.3258529684,1.24368,0.13106,0.30132,0.4251,0.69708,2.42,0.7411,0.78984,0.62451,0.2044,0.56184,0.48236,1.19784,1.75968,588.2,1966.4,0.697,642.1908340808,2.0617,0.16322,0.42044,0.54164,0.7771,3.509,0.6593,1.26294,0.7387644939,0.2244,0.31016,0.5773,1.0714,1.38156,625.4,2820.6,0.777
"18C-00939-H1XG",687.8066496297,8.0155,0.18034,0.47742,0.61206,0.77994,3.5896,0.61078,1.69044,0.95486925,0.1874,0.2325,0.50146,0.82676,1.05926,225.2,1065.8,0.7796,1072.3863267417,8.0155,0.23,0.5006,0.6075,0.8242,4.687,0.8496,1.5475,1.30044,0.177,0.1352,0.3849,0.6336,0.7688,406,2309,0.824,666.4277517682,2.32842,0.1686,0.43994,0.57758,0.76192,3.3562,0.63992,1.4092,0.7497335191,0.237,0.3524,0.62306,1.06994,1.42234,642.4,2757.8,0.7618
"18C-00940-H1XG",854.5536392661,2.24002,0.13948,0.37344,0.53012,0.66246,2.45,0.646,1.2927,0.7989296418,0.184,0.949,0.47378,1.01938,1.9684,307.4,839,0.6622,682.6779921908,2.24002,0.15748,0.3954,0.5169,0.76286,3.2644,0.65968,1.08934,0.87912,0.1802,0.28468,0.45546,0.89202,1.17672,494.6,2101.6,0.763,841.6650879411,5.0704,0.21266,0.47798,0.5974,0.80048,4.041,0.8452,1.50144,0.9817121189,0.2182,0.21012,0.49896,0.83208,1.0422,584.8,2944.8,0.8004
"18C-00942-H1XG",874.1065024703,1.60122,0.20068,0.51532,0.65426,0.78766,3.7528,0.63356,2.1301,1.1237064937,0.1762,0.1896,0.45656,0.70446,0.89406,187.2,894.2,0.7876,806.1049915511,1.60122,0.14316,0.37336,0.509,0.72774,2.801,0.62664,1.06602,0.76553,0.1932,0.41724,0.5019,1.01048,1.42774,509,1895.4,0.728,652.8574128212,3.40318,0.18496,0.4285,0.55608,0.76922,3.3558,0.82894,1.29338,0.8460285656,0.221,0.29678,0.54018,0.9722,1.269,589.2,2555.4,0.7694
"18C-00943-H1XG",849.061994273,1.6392,0.21302,0.48692,0.62172,0.7847,3.663,0.77552,1.9659,1.0548205309,0.1992,0.20782,0.4614,0.76242,0.97024,200.4,943.2,0.785,776.3029596231,1.6392,0.1538,0.348,0.4464,0.7796,3.538,0.792,0.8064,0.72597,0.212,0.3037,0.4797,1.0745,1.3782,480,2178,0.78,892.1270766161,5.48732,0.22212,0.49702,0.62184,0.79922,3.9972,0.848,1.66756,0.9951814883,0.2256,0.20686,0.51774,0.82508,1.03194,560.8,2803.8,0.7992
"18C-00944-H1XG",745.7322225364,2.72716,0.19012,0.47282,0.59702,0.79084,3.8474,0.673,1.58748,1.0683085435,0.181,0.20756,0.44822,0.76482,0.97238,235.6,1124,0.7906,618.2020094844,2.72716,0.17634,0.42546,0.54576,0.77906,3.553,0.70818,1.21374,0.85734,0.2084,0.26798,0.50434,0.93174,1.19974,491.6,2229.2,0.7788,697.7761653896,1.81138,0.14534,0.39038,0.50136,0.77946,3.5956,0.63848,1.05846,0.7768229969,0.192,0.30016,0.52408,1.03654,1.33672,614.2,2798.6,0.7794
"18C-00945-H1XG",691.0893091789,2.5027,0.1582,0.39442,0.52074,0.75746,3.187,0.66286,1.16808,0.7930169941,0.2102,0.35954,0.53566,1.05458,1.41412,230.8,974.8,0.7576,728.2481618307,2.5027,0.1683,0.4091,0.5095,0.803,4.077,0.6986,1.0386,0.84594,0.199,0.2328,0.4836,0.9492,1.182,453,2300,0.803,766.697762733,3.71866,0.18512,0.46884,0.57922,0.80986,4.2864,0.68398,1.40408,0.9367746465,0.1996,0.20818,0.51072,0.87716,1.08532,586.4,3099,0.8098
"18C-00946-H1XG",785.9405763255,2.91362,0.19712,0.49218,0.62538,0.78978,3.851,0.6766,1.76162,1.0929751561,0.181,0.19294,0.45322,0.72598,0.9189,195.8,985.8,0.7898,630.0691520596,2.91362,0.18212,0.4434,0.56846,0.78012,3.5646,0.70142,1.33478,0.87102,0.215,0.26232,0.52148,0.91942,1.18178,503.8,2290.4,0.7802,631.7051929797,2.77704,0.16892,0.43942,0.55736,0.78906,3.7512,0.65992,1.28348,0.8878558957,0.1922,0.24718,0.5155,0.9159,1.16308,577.8,2740.8,0.789
"18C-00947-H1XG",693.619867701,3.6794,0.15398,0.46784,0.60444,0.77336,3.4508,0.49828,1.65022,1.0286022748,0.1502,0.22574,0.45746,0.7649,0.99066,224.2,1011.8,0.7734,620.2456391456,3.6794,0.18084,0.43872,0.5637,0.77172,3.5058,0.70704,1.38714,0.86886,0.2102,0.29062,0.51494,0.93758,1.22822,496.8,2213.2,0.7716,687.9937383722,1.8677,0.13938,0.4008,0.52196,0.76464,3.358,0.57824,1.16374,0.7398728752,0.191,0.35846,0.5666,1.10152,1.45996,611.8,2655.8,0.7648
"18C-00948-H1XG",723.4049666278,2.11134,0.1832,0.4657,0.59314,0.78152,3.6498,0.65748,1.623,1.0754720404,0.1762,0.22696,0.44868,0.78444,1.0114,192,861.8,0.7816,764.3966348867,2.11134,0.1501,0.39016,0.52998,0.73012,2.8486,0.62118,1.16966,0.81363,0.186,0.38098,0.49368,0.95246,1.33344,489.8,1859.4,0.7302,666.38675432,2.78442,0.16566,0.45078,0.57038,0.79056,3.8206,0.6012,1.35486,0.8907181976,0.188,0.24514,0.5222,0.90866,1.15378,606.2,2914.8,0.7904
"18C-00949-H1XG",755.943741198,1.8973,0.15766,0.47314,0.59666,0.79298,3.8438,0.49972,1.69676,1.0369511163,0.1522,0.20386,0.45898,0.7779,0.98178,222.4,1081.2,0.7928,680.7623640046,1.8973,0.1602,0.39554,0.5163,0.76602,3.3364,0.6881,1.07178,0.78061,0.2072,0.30532,0.51112,0.99004,1.29536,500.6,2162,0.766,694.9364075751,1.7288,0.14434,0.42716,0.56202,0.7607,3.1952,0.52894,1.32752,0.7523437265,0.1948,0.33454,0.59542,1.04932,1.38386,648.6,2708.4,0.7608
"18C-00950-H1XG",801.6990756204,1.90592,0.1946,0.49036,0.62794,0.78158,3.6158,0.6576,1.93628,1.0904303835,0.1754,0.21018,0.45596,0.74536,0.95556,208.4,952,0.7818,804.0990603365,1.90592,0.13806,0.34864,0.47086,0.7205,3.048,0.64194,0.94016,0.74845,0.186,0.56554,0.48098,1.07718,1.64272,541.8,2054.2,0.7206,623.1119304032,2.65846,0.17594,0.4317,0.55904,0.7729,3.439,0.71136,1.29444,0.8384209265,0.2134,0.28436,0.5352,0.9481,1.23246,588,2597.2,0.7728
"18C-00951-H1XG",624.4734812855,0.3528,0.1613,0.42894,0.55656,0.7699,3.3784,0.601,1.29854,0.9109020737,0.1798,0.26416,0.4784,0.8678,1.13196,245.8,1051.4,0.7698,1236.8762820003,0.3528,0.0878,0.2655,0.3867,0.6867,2.192,0.4942,0.6305,0.51679,0.17,0.6065,0.514,1.3293,1.9357,610,1947,0.687,605.8242363132,3.3091,0.17226,0.43432,0.56406,0.76882,3.44,0.68716,1.31146,0.8953610138,0.1934,0.29276,0.52122,0.92296,1.21572,582.6,2588.6,0.769
"18C-00952-H1XG",705.6658431539,1.5744,0.1708,0.4468,0.59072,0.75254,3.0922,0.63868,1.60836,0.9662697187,0.1788,0.27522,0.46266,0.81596,1.09116,200.2,821.6,0.7526,842.5203932647,1.5744,0.1505,0.33932,0.45298,0.74592,3.0186,0.79748,0.84132,0.717,0.2122,0.38084,0.4796,1.07486,1.4557,512,2034.2,0.746,676.3754490353,3.9335,0.18836,0.46262,0.59378,0.77944,3.5498,0.73062,1.46772,0.9469396062,0.201,0.25364,0.52494,0.87826,1.13194,588.8,2667.4,0.7792
"18C-00953-H1XG",682.8716058003,2.0584,0.16886,0.46786,0.60394,0.7757,3.4756,0.56376,1.72608,1.0236648561,0.1634,0.22238,0.45728,0.76868,0.99108,228.2,1022,0.7756,700.0488831786,2.0584,0.1664,0.3996,0.5282,0.7565,3.107,0.7137,1.1197,0.82962,0.201,0.2937,0.482,0.9124,1.2061,496,2037,0.757,638.825559905,2.15328,0.15456,0.4296,0.5565,0.77124,3.3844,0.59588,1.36676,0.8432456291,0.1846,0.27498,0.52048,0.9253,1.20026,627.2,2743.4,0.771
"18C-00954-H1XG",675.4668650495,1.6133,0.16112,0.4224,0.56148,0.75198,3.1374,0.61844,1.36566,0.8885268906,0.1874,0.30868,0.48968,0.88868,1.19738,222.8,876.4,0.752,805.6326161705,1.6133,0.1432,0.3365,0.4313,0.7804,3.553,0.7408,0.7583,0.80784,0.177,0.2717,0.4163,0.9654,1.2371,434,1976,0.78,741.7747948223,1.59168,0.14426,0.37044,0.48686,0.76084,3.2086,0.64526,0.95124,0.7504151798,0.1946,0.33964,0.51426,1.05888,1.39852,624.8,2617.8,0.7608
"18C-00955-H1XG",746.3368907497,4.4044,0.19324,0.45446,0.57712,0.78556,3.708,0.73168,1.5338,1.0115249927,0.1874,0.22224,0.45222,0.79968,1.02194,220,1008.8,0.7856,795.9468546878,4.4044,0.20235,0.45845,0.56565,0.8104,4.282,0.79095,1.30275,1.00225,0.203,0.18995,0.46155,0.81525,1.0052,460.5,2434,0.8105,691.5477642296,1.83636,0.14882,0.411,0.538,0.76454,3.2578,0.58168,1.17844,0.8289980224,0.1814,0.29198,0.50958,0.94024,1.2322,620.6,2637.2,0.7644
"18C-00956-H1XG",704.1529409249,1.38914,0.16228,0.3996,0.52598,0.75326,3.1316,0.68336,1.3229,0.8484167852,0.1864,0.32896,0.47928,0.96486,1.29382,212.8,830,0.7534,833.0711020904,1.38914,0.13974,0.37252,0.51138,0.72726,2.6834,0.61068,1.07706,0.69039,0.207,0.42804,0.56494,1.12088,1.54892,532.4,1951.8,0.7272,867.1986000668,5.45098,0.21582,0.50864,0.64164,0.7921,3.868,0.76174,1.82624,1.0101939547,0.2186,0.216,0.52478,0.81226,1.0283,568.4,2764.6,0.792
